source,target,delta_y,delta_phi,delta_R
0,1,0.0007160531430999983,-0.003459882939999659,0.0035332028051392786
0,2,0.0028825929418999988,-0.0039540057599998235,0.00489320995041123
0,3,-0.005562882281600002,-0.0091153144499998,0.010678699209234916
0,4,-0.004559704646100005,0.015427357480000126,0.016087083802708985
1,0,-0.0007160531430999983,0.003459882939999659,0.0035332028051392786
1,2,0.0021665397988000004,-0.0004941228200001646,0.00222217282429366
1,3,-0.0062789354247,-0.005655431510000142,0.008450380798038337
1,4,-0.005275757789200003,0.018887240419999785,0.019610238931057882
2,0,-0.0028825929418999988,0.0039540057599998235,0.00489320995041123
2,1,-0.0021665397988000004,0.0004941228200001646,0.00222217282429366
2,3,-0.0084454752235,-0.005161308689999977,0.009897735051223672
2,4,-0.007442297588000003,0.01938136323999995,0.020761142416282685
3,0,0.005562882281600002,0.0091153144499998,0.010678699209234916
3,1,0.0062789354247,0.005655431510000142,0.008450380798038337
3,2,0.0084454752235,0.005161308689999977,0.009897735051223672
3,4,0.0010031776354999973,0.024542671929999926,0.024563165733104797
4,0,0.004559704646100005,-0.015427357480000126,0.016087083802708985
4,1,0.005275757789200003,-0.018887240419999785,0.019610238931057882
4,2,0.007442297588000003,-0.01938136323999995,0.020761142416282685
4,3,-0.0010031776354999973,-0.024542671929999926,0.024563165733104797
